Post Number,File Name,SEO Title,SEO Description,Pinterest Board,Destination Link,Image Link,Suggested Keywords,Alt Text,Recommended Publish Order
1,little_lantern_bakery_pinterest_01.png,A Cozy Bakery Journey | Little Lantern Bakery Coloring Book,"Step into Little Lantern Bakery, a cozy coloring escape filled with 50 original bakery scenes, warm pastries, and relaxing creative moments. Perfect for adults and teens who love baking, coloring, and cozy hobbies.",Little Lantern Bakery Coloring Book,PASTE_AMAZON_OR_GUMROAD_LINK_HERE,https://raw.githubusercontent.com/chfirayoussef01-eng/little-lantern-bakery-pinterest-posts/main/little_lantern_bakery_pinterest_01.png,"bakery coloring book adults, cozy coloring book, baking coloring pages, bold easy coloring book, coloring book for teens, relaxing creative hobby, gift for baking lovers",A Cozy Bakery Journey. Little Lantern Bakery cozy bakery coloring book promotional image for adults and teens.,1
2,little_lantern_bakery_pinterest_02.png,"Bake, Color, Relax, Repeat | Little Lantern Bakery Coloring Book","Bake, color, relax, and repeat with Little Lantern Bakery. Enjoy bold and easy bakery illustrations designed for peaceful coloring time, creative breaks, and thoughtful gifting.",Little Lantern Bakery Coloring Book,PASTE_AMAZON_OR_GUMROAD_LINK_HERE,https://raw.githubusercontent.com/chfirayoussef01-eng/little-lantern-bakery-pinterest-posts/main/little_lantern_bakery_pinterest_02.png,"bakery coloring book adults, cozy coloring book, baking coloring pages, bold easy coloring book, coloring book for teens, relaxing creative hobby, gift for baking lovers","Bake, Color, Relax, Repeat. Little Lantern Bakery cozy bakery coloring book promotional image for adults and teens.",2
3,little_lantern_bakery_pinterest_03.png,From Dough to Display | Little Lantern Bakery Coloring Book,"Follow the cozy journey from dough to display with 50 charming bakery-inspired coloring scenes. A relaxing creative hobby for adults, teens, and baking lovers.",Little Lantern Bakery Coloring Book,PASTE_AMAZON_OR_GUMROAD_LINK_HERE,https://raw.githubusercontent.com/chfirayoussef01-eng/little-lantern-bakery-pinterest-posts/main/little_lantern_bakery_pinterest_03.png,"bakery coloring book adults, cozy coloring book, baking coloring pages, bold easy coloring book, coloring book for teens, relaxing creative hobby, gift for baking lovers",From Dough to Display. Little Lantern Bakery cozy bakery coloring book promotional image for adults and teens.,3
4,little_lantern_bakery_pinterest_04.png,Sweet Creativity Awaits | Little Lantern Bakery Coloring Book,"Discover sweet creativity with warm ovens, fresh pastries, and inviting bakery scenes. Little Lantern Bakery makes it easy to unwind and enjoy a cozy coloring session.",Little Lantern Bakery Coloring Book,PASTE_AMAZON_OR_GUMROAD_LINK_HERE,https://raw.githubusercontent.com/chfirayoussef01-eng/little-lantern-bakery-pinterest-posts/main/little_lantern_bakery_pinterest_04.png,"bakery coloring book adults, cozy coloring book, baking coloring pages, bold easy coloring book, coloring book for teens, relaxing creative hobby, gift for baking lovers",Sweet Creativity Awaits. Little Lantern Bakery cozy bakery coloring book promotional image for adults and teens.,4
5,little_lantern_bakery_pinterest_05.png,"Cozy Moments, Creative Joy | Little Lantern Bakery Coloring Book","Turn quiet moments into creative joy with Little Lantern Bakery, a cozy coloring book featuring 50 original illustrations and relaxing bakery details.",Little Lantern Bakery Coloring Book,PASTE_AMAZON_OR_GUMROAD_LINK_HERE,https://raw.githubusercontent.com/chfirayoussef01-eng/little-lantern-bakery-pinterest-posts/main/little_lantern_bakery_pinterest_05.png,"bakery coloring book adults, cozy coloring book, baking coloring pages, bold easy coloring book, coloring book for teens, relaxing creative hobby, gift for baking lovers","Cozy Moments, Creative Joy. Little Lantern Bakery cozy bakery coloring book promotional image for adults and teens.",5
6,little_lantern_bakery_pinterest_06.png,"Little Bakery, Big Comfort | Little Lantern Bakery Coloring Book","Warm pastries, happy moments, and a cozy coloring escape come together in Little Lantern Bakery. A thoughtful gift for adults and teens who love baking and creativity.",Little Lantern Bakery Coloring Book,PASTE_AMAZON_OR_GUMROAD_LINK_HERE,https://raw.githubusercontent.com/chfirayoussef01-eng/little-lantern-bakery-pinterest-posts/main/little_lantern_bakery_pinterest_06.png,"bakery coloring book adults, cozy coloring book, baking coloring pages, bold easy coloring book, coloring book for teens, relaxing creative hobby, gift for baking lovers","Little Bakery, Big Comfort. Little Lantern Bakery cozy bakery coloring book promotional image for adults and teens.",6
7,little_lantern_bakery_pinterest_07.png,Color Your Happy Place | Little Lantern Bakery Coloring Book,"Step into Little Lantern Bakery, a cozy coloring escape filled with 50 original bakery scenes, warm pastries, and relaxing creative moments. Perfect for adults and teens who love baking, coloring, and cozy hobbies.",Little Lantern Bakery Coloring Book,PASTE_AMAZON_OR_GUMROAD_LINK_HERE,https://raw.githubusercontent.com/chfirayoussef01-eng/little-lantern-bakery-pinterest-posts/main/little_lantern_bakery_pinterest_07.png,"bakery coloring book adults, cozy coloring book, baking coloring pages, bold easy coloring book, coloring book for teens, relaxing creative hobby, gift for baking lovers",Color Your Happy Place. Little Lantern Bakery cozy bakery coloring book promotional image for adults and teens.,7
8,little_lantern_bakery_pinterest_08.png,A Cozy Coloring Book for Adults & Teens | Little Lantern Bakery Coloring Book,"Bake, color, relax, and repeat with Little Lantern Bakery. Enjoy bold and easy bakery illustrations designed for peaceful coloring time, creative breaks, and thoughtful gifting.",Little Lantern Bakery Coloring Book,PASTE_AMAZON_OR_GUMROAD_LINK_HERE,https://raw.githubusercontent.com/chfirayoussef01-eng/little-lantern-bakery-pinterest-posts/main/little_lantern_bakery_pinterest_08.png,"bakery coloring book adults, cozy coloring book, baking coloring pages, bold easy coloring book, coloring book for teens, relaxing creative hobby, gift for baking lovers",A Cozy Coloring Book for Adults & Teens. Little Lantern Bakery cozy bakery coloring book promotional image for adults and teens.,8
9,little_lantern_bakery_pinterest_09.png,"Good Pastries, Brighter Days | Little Lantern Bakery Coloring Book","Follow the cozy journey from dough to display with 50 charming bakery-inspired coloring scenes. A relaxing creative hobby for adults, teens, and baking lovers.",Little Lantern Bakery Coloring Book,PASTE_AMAZON_OR_GUMROAD_LINK_HERE,https://raw.githubusercontent.com/chfirayoussef01-eng/little-lantern-bakery-pinterest-posts/main/little_lantern_bakery_pinterest_09.png,"bakery coloring book adults, cozy coloring book, baking coloring pages, bold easy coloring book, coloring book for teens, relaxing creative hobby, gift for baking lovers","Good Pastries, Brighter Days. Little Lantern Bakery cozy bakery coloring book promotional image for adults and teens.",9
10,little_lantern_bakery_pinterest_10.png,"Sweet Scenes, Happier Days | Little Lantern Bakery Coloring Book","Discover sweet creativity with warm ovens, fresh pastries, and inviting bakery scenes. Little Lantern Bakery makes it easy to unwind and enjoy a cozy coloring session.",Little Lantern Bakery Coloring Book,PASTE_AMAZON_OR_GUMROAD_LINK_HERE,https://raw.githubusercontent.com/chfirayoussef01-eng/little-lantern-bakery-pinterest-posts/main/little_lantern_bakery_pinterest_10.png,"bakery coloring book adults, cozy coloring book, baking coloring pages, bold easy coloring book, coloring book for teens, relaxing creative hobby, gift for baking lovers","Sweet Scenes, Happier Days. Little Lantern Bakery cozy bakery coloring book promotional image for adults and teens.",10
11,little_lantern_bakery_pinterest_11.png,"Cozy Details, Big Joy | Little Lantern Bakery Coloring Book","Turn quiet moments into creative joy with Little Lantern Bakery, a cozy coloring book featuring 50 original illustrations and relaxing bakery details.",Little Lantern Bakery Coloring Book,PASTE_AMAZON_OR_GUMROAD_LINK_HERE,https://raw.githubusercontent.com/chfirayoussef01-eng/little-lantern-bakery-pinterest-posts/main/little_lantern_bakery_pinterest_11.png,"bakery coloring book adults, cozy coloring book, baking coloring pages, bold easy coloring book, coloring book for teens, relaxing creative hobby, gift for baking lovers","Cozy Details, Big Joy. Little Lantern Bakery cozy bakery coloring book promotional image for adults and teens.",11
12,little_lantern_bakery_pinterest_12.png,Bold & Easy Bakery Designs | Little Lantern Bakery Coloring Book,"Warm pastries, happy moments, and a cozy coloring escape come together in Little Lantern Bakery. A thoughtful gift for adults and teens who love baking and creativity.",Little Lantern Bakery Coloring Book,PASTE_AMAZON_OR_GUMROAD_LINK_HERE,https://raw.githubusercontent.com/chfirayoussef01-eng/little-lantern-bakery-pinterest-posts/main/little_lantern_bakery_pinterest_12.png,"bakery coloring book adults, cozy coloring book, baking coloring pages, bold easy coloring book, coloring book for teens, relaxing creative hobby, gift for baking lovers",Bold & Easy Bakery Designs. Little Lantern Bakery cozy bakery coloring book promotional image for adults and teens.,12
13,little_lantern_bakery_pinterest_13.png,Baking Better Days | Little Lantern Bakery Coloring Book,"Step into Little Lantern Bakery, a cozy coloring escape filled with 50 original bakery scenes, warm pastries, and relaxing creative moments. Perfect for adults and teens who love baking, coloring, and cozy hobbies.",Little Lantern Bakery Coloring Book,PASTE_AMAZON_OR_GUMROAD_LINK_HERE,https://raw.githubusercontent.com/chfirayoussef01-eng/little-lantern-bakery-pinterest-posts/main/little_lantern_bakery_pinterest_13.png,"bakery coloring book adults, cozy coloring book, baking coloring pages, bold easy coloring book, coloring book for teens, relaxing creative hobby, gift for baking lovers",Baking Better Days. Little Lantern Bakery cozy bakery coloring book promotional image for adults and teens.,13
14,little_lantern_bakery_pinterest_14.png,"Relax, Unwind, Color, Be Happy | Little Lantern Bakery Coloring Book","Bake, color, relax, and repeat with Little Lantern Bakery. Enjoy bold and easy bakery illustrations designed for peaceful coloring time, creative breaks, and thoughtful gifting.",Little Lantern Bakery Coloring Book,PASTE_AMAZON_OR_GUMROAD_LINK_HERE,https://raw.githubusercontent.com/chfirayoussef01-eng/little-lantern-bakery-pinterest-posts/main/little_lantern_bakery_pinterest_14.png,"bakery coloring book adults, cozy coloring book, baking coloring pages, bold easy coloring book, coloring book for teens, relaxing creative hobby, gift for baking lovers","Relax, Unwind, Color, Be Happy. Little Lantern Bakery cozy bakery coloring book promotional image for adults and teens.",14
15,little_lantern_bakery_pinterest_15.png,The Perfect Gift for Baking Lovers | Little Lantern Bakery Coloring Book,"Follow the cozy journey from dough to display with 50 charming bakery-inspired coloring scenes. A relaxing creative hobby for adults, teens, and baking lovers.",Little Lantern Bakery Coloring Book,PASTE_AMAZON_OR_GUMROAD_LINK_HERE,https://raw.githubusercontent.com/chfirayoussef01-eng/little-lantern-bakery-pinterest-posts/main/little_lantern_bakery_pinterest_15.png,"bakery coloring book adults, cozy coloring book, baking coloring pages, bold easy coloring book, coloring book for teens, relaxing creative hobby, gift for baking lovers",The Perfect Gift for Baking Lovers. Little Lantern Bakery cozy bakery coloring book promotional image for adults and teens.,15
16,little_lantern_bakery_pinterest_16.png,A Cozy Bakery Escape | Little Lantern Bakery Coloring Book,"Discover sweet creativity with warm ovens, fresh pastries, and inviting bakery scenes. Little Lantern Bakery makes it easy to unwind and enjoy a cozy coloring session.",Little Lantern Bakery Coloring Book,PASTE_AMAZON_OR_GUMROAD_LINK_HERE,https://raw.githubusercontent.com/chfirayoussef01-eng/little-lantern-bakery-pinterest-posts/main/little_lantern_bakery_pinterest_16.png,"bakery coloring book adults, cozy coloring book, baking coloring pages, bold easy coloring book, coloring book for teens, relaxing creative hobby, gift for baking lovers",A Cozy Bakery Escape. Little Lantern Bakery cozy bakery coloring book promotional image for adults and teens.,16
17,little_lantern_bakery_pinterest_17.png,"Color, Relax, Enjoy Baked Happiness | Little Lantern Bakery Coloring Book","Turn quiet moments into creative joy with Little Lantern Bakery, a cozy coloring book featuring 50 original illustrations and relaxing bakery details.",Little Lantern Bakery Coloring Book,PASTE_AMAZON_OR_GUMROAD_LINK_HERE,https://raw.githubusercontent.com/chfirayoussef01-eng/little-lantern-bakery-pinterest-posts/main/little_lantern_bakery_pinterest_17.png,"bakery coloring book adults, cozy coloring book, baking coloring pages, bold easy coloring book, coloring book for teens, relaxing creative hobby, gift for baking lovers","Color, Relax, Enjoy Baked Happiness. Little Lantern Bakery cozy bakery coloring book promotional image for adults and teens.",17
18,little_lantern_bakery_pinterest_18.png,Cozy Bakery Scenes | Little Lantern Bakery Coloring Book,"Warm pastries, happy moments, and a cozy coloring escape come together in Little Lantern Bakery. A thoughtful gift for adults and teens who love baking and creativity.",Little Lantern Bakery Coloring Book,PASTE_AMAZON_OR_GUMROAD_LINK_HERE,https://raw.githubusercontent.com/chfirayoussef01-eng/little-lantern-bakery-pinterest-posts/main/little_lantern_bakery_pinterest_18.png,"bakery coloring book adults, cozy coloring book, baking coloring pages, bold easy coloring book, coloring book for teens, relaxing creative hobby, gift for baking lovers",Cozy Bakery Scenes. Little Lantern Bakery cozy bakery coloring book promotional image for adults and teens.,18
19,little_lantern_bakery_pinterest_19.png,Sweet Creativity Every Day | Little Lantern Bakery Coloring Book,"Step into Little Lantern Bakery, a cozy coloring escape filled with 50 original bakery scenes, warm pastries, and relaxing creative moments. Perfect for adults and teens who love baking, coloring, and cozy hobbies.",Little Lantern Bakery Coloring Book,PASTE_AMAZON_OR_GUMROAD_LINK_HERE,https://raw.githubusercontent.com/chfirayoussef01-eng/little-lantern-bakery-pinterest-posts/main/little_lantern_bakery_pinterest_19.png,"bakery coloring book adults, cozy coloring book, baking coloring pages, bold easy coloring book, coloring book for teens, relaxing creative hobby, gift for baking lovers",Sweet Creativity Every Day. Little Lantern Bakery cozy bakery coloring book promotional image for adults and teens.,19
20,little_lantern_bakery_pinterest_20.png,A Cozy Bakery Journey from Morning to Evening | Little Lantern Bakery Coloring Book,"Bake, color, relax, and repeat with Little Lantern Bakery. Enjoy bold and easy bakery illustrations designed for peaceful coloring time, creative breaks, and thoughtful gifting.",Little Lantern Bakery Coloring Book,PASTE_AMAZON_OR_GUMROAD_LINK_HERE,https://raw.githubusercontent.com/chfirayoussef01-eng/little-lantern-bakery-pinterest-posts/main/little_lantern_bakery_pinterest_20.png,"bakery coloring book adults, cozy coloring book, baking coloring pages, bold easy coloring book, coloring book for teens, relaxing creative hobby, gift for baking lovers",A Cozy Bakery Journey from Morning to Evening. Little Lantern Bakery cozy bakery coloring book promotional image for adults and teens.,20
21,little_lantern_bakery_pinterest_21.png,More Than a Coloring Book | Little Lantern Bakery Coloring Book,"Follow the cozy journey from dough to display with 50 charming bakery-inspired coloring scenes. A relaxing creative hobby for adults, teens, and baking lovers.",Little Lantern Bakery Coloring Book,PASTE_AMAZON_OR_GUMROAD_LINK_HERE,https://raw.githubusercontent.com/chfirayoussef01-eng/little-lantern-bakery-pinterest-posts/main/little_lantern_bakery_pinterest_21.png,"bakery coloring book adults, cozy coloring book, baking coloring pages, bold easy coloring book, coloring book for teens, relaxing creative hobby, gift for baking lovers",More Than a Coloring Book. Little Lantern Bakery cozy bakery coloring book promotional image for adults and teens.,21
22,little_lantern_bakery_pinterest_22.png,Creative Fun for Adults and Teens | Little Lantern Bakery Coloring Book,"Discover sweet creativity with warm ovens, fresh pastries, and inviting bakery scenes. Little Lantern Bakery makes it easy to unwind and enjoy a cozy coloring session.",Little Lantern Bakery Coloring Book,PASTE_AMAZON_OR_GUMROAD_LINK_HERE,https://raw.githubusercontent.com/chfirayoussef01-eng/little-lantern-bakery-pinterest-posts/main/little_lantern_bakery_pinterest_22.png,"bakery coloring book adults, cozy coloring book, baking coloring pages, bold easy coloring book, coloring book for teens, relaxing creative hobby, gift for baking lovers",Creative Fun for Adults and Teens. Little Lantern Bakery cozy bakery coloring book promotional image for adults and teens.,22
23,little_lantern_bakery_pinterest_23.png,Joy in Every Page | Little Lantern Bakery Coloring Book,"Turn quiet moments into creative joy with Little Lantern Bakery, a cozy coloring book featuring 50 original illustrations and relaxing bakery details.",Little Lantern Bakery Coloring Book,PASTE_AMAZON_OR_GUMROAD_LINK_HERE,https://raw.githubusercontent.com/chfirayoussef01-eng/little-lantern-bakery-pinterest-posts/main/little_lantern_bakery_pinterest_23.png,"bakery coloring book adults, cozy coloring book, baking coloring pages, bold easy coloring book, coloring book for teens, relaxing creative hobby, gift for baking lovers",Joy in Every Page. Little Lantern Bakery cozy bakery coloring book promotional image for adults and teens.,23
24,little_lantern_bakery_pinterest_24.png,Morning to Evening Bakery Comfort | Little Lantern Bakery Coloring Book,"Warm pastries, happy moments, and a cozy coloring escape come together in Little Lantern Bakery. A thoughtful gift for adults and teens who love baking and creativity.",Little Lantern Bakery Coloring Book,PASTE_AMAZON_OR_GUMROAD_LINK_HERE,https://raw.githubusercontent.com/chfirayoussef01-eng/little-lantern-bakery-pinterest-posts/main/little_lantern_bakery_pinterest_24.png,"bakery coloring book adults, cozy coloring book, baking coloring pages, bold easy coloring book, coloring book for teens, relaxing creative hobby, gift for baking lovers",Morning to Evening Bakery Comfort. Little Lantern Bakery cozy bakery coloring book promotional image for adults and teens.,24
25,little_lantern_bakery_pinterest_25.png,A Brighter Day with Every Page | Little Lantern Bakery Coloring Book,"Step into Little Lantern Bakery, a cozy coloring escape filled with 50 original bakery scenes, warm pastries, and relaxing creative moments. Perfect for adults and teens who love baking, coloring, and cozy hobbies.",Little Lantern Bakery Coloring Book,PASTE_AMAZON_OR_GUMROAD_LINK_HERE,https://raw.githubusercontent.com/chfirayoussef01-eng/little-lantern-bakery-pinterest-posts/main/little_lantern_bakery_pinterest_25.png,"bakery coloring book adults, cozy coloring book, baking coloring pages, bold easy coloring book, coloring book for teens, relaxing creative hobby, gift for baking lovers",A Brighter Day with Every Page. Little Lantern Bakery cozy bakery coloring book promotional image for adults and teens.,25
26,little_lantern_bakery_pinterest_26.png,Cozy Coloring for a Sweeter You | Little Lantern Bakery Coloring Book,"Bake, color, relax, and repeat with Little Lantern Bakery. Enjoy bold and easy bakery illustrations designed for peaceful coloring time, creative breaks, and thoughtful gifting.",Little Lantern Bakery Coloring Book,PASTE_AMAZON_OR_GUMROAD_LINK_HERE,https://raw.githubusercontent.com/chfirayoussef01-eng/little-lantern-bakery-pinterest-posts/main/little_lantern_bakery_pinterest_26.png,"bakery coloring book adults, cozy coloring book, baking coloring pages, bold easy coloring book, coloring book for teens, relaxing creative hobby, gift for baking lovers",Cozy Coloring for a Sweeter You. Little Lantern Bakery cozy bakery coloring book promotional image for adults and teens.,26
27,little_lantern_bakery_pinterest_27.png,"Create a Kinder, Happier Day | Little Lantern Bakery Coloring Book","Follow the cozy journey from dough to display with 50 charming bakery-inspired coloring scenes. A relaxing creative hobby for adults, teens, and baking lovers.",Little Lantern Bakery Coloring Book,PASTE_AMAZON_OR_GUMROAD_LINK_HERE,https://raw.githubusercontent.com/chfirayoussef01-eng/little-lantern-bakery-pinterest-posts/main/little_lantern_bakery_pinterest_27.png,"bakery coloring book adults, cozy coloring book, baking coloring pages, bold easy coloring book, coloring book for teens, relaxing creative hobby, gift for baking lovers","Create a Kinder, Happier Day. Little Lantern Bakery cozy bakery coloring book promotional image for adults and teens.",27
28,little_lantern_bakery_pinterest_28.png,"Sweet Pastries, Warm Ovens, Cozy Moments | Little Lantern Bakery Coloring Book","Discover sweet creativity with warm ovens, fresh pastries, and inviting bakery scenes. Little Lantern Bakery makes it easy to unwind and enjoy a cozy coloring session.",Little Lantern Bakery Coloring Book,PASTE_AMAZON_OR_GUMROAD_LINK_HERE,https://raw.githubusercontent.com/chfirayoussef01-eng/little-lantern-bakery-pinterest-posts/main/little_lantern_bakery_pinterest_28.png,"bakery coloring book adults, cozy coloring book, baking coloring pages, bold easy coloring book, coloring book for teens, relaxing creative hobby, gift for baking lovers","Sweet Pastries, Warm Ovens, Cozy Moments. Little Lantern Bakery cozy bakery coloring book promotional image for adults and teens.",28
29,little_lantern_bakery_pinterest_29.png,A Thoughtful Gift for Creative Souls | Little Lantern Bakery Coloring Book,"Turn quiet moments into creative joy with Little Lantern Bakery, a cozy coloring book featuring 50 original illustrations and relaxing bakery details.",Little Lantern Bakery Coloring Book,PASTE_AMAZON_OR_GUMROAD_LINK_HERE,https://raw.githubusercontent.com/chfirayoussef01-eng/little-lantern-bakery-pinterest-posts/main/little_lantern_bakery_pinterest_29.png,"bakery coloring book adults, cozy coloring book, baking coloring pages, bold easy coloring book, coloring book for teens, relaxing creative hobby, gift for baking lovers",A Thoughtful Gift for Creative Souls. Little Lantern Bakery cozy bakery coloring book promotional image for adults and teens.,29
30,little_lantern_bakery_pinterest_30.png,Color Your Way to a Happy Day | Little Lantern Bakery Coloring Book,"Warm pastries, happy moments, and a cozy coloring escape come together in Little Lantern Bakery. A thoughtful gift for adults and teens who love baking and creativity.",Little Lantern Bakery Coloring Book,PASTE_AMAZON_OR_GUMROAD_LINK_HERE,https://raw.githubusercontent.com/chfirayoussef01-eng/little-lantern-bakery-pinterest-posts/main/little_lantern_bakery_pinterest_30.png,"bakery coloring book adults, cozy coloring book, baking coloring pages, bold easy coloring book, coloring book for teens, relaxing creative hobby, gift for baking lovers",Color Your Way to a Happy Day. Little Lantern Bakery cozy bakery coloring book promotional image for adults and teens.,30
