Post Number,SEO Title,SEO Description,Image Link,Product Link
1,A Cozy Bakery Journey | Little Lantern Bakery Coloring Book,"Step into Little Lantern Bakery, a cozy coloring escape filled with 50 original bakery scenes, warm pastries, and relaxing creative moments. Perfect for adults and teens who love baking, coloring, and cozy hobbies.",https://raw.githubusercontent.com/chfirayoussef01-eng/little-lantern-bakery-pinterest-posts/main/little_lantern_bakery_pinterest_01.png,https://www.amazon.com/dp/B0HJ2KHF5Z
2,"Bake, Color, Relax, Repeat | Little Lantern Bakery Coloring Book","Bake, color, relax, and repeat with Little Lantern Bakery. Enjoy bold and easy bakery illustrations designed for peaceful coloring time, creative breaks, and thoughtful gifting.",https://raw.githubusercontent.com/chfirayoussef01-eng/little-lantern-bakery-pinterest-posts/main/little_lantern_bakery_pinterest_02.png,https://www.amazon.com/dp/B0HJ2KHF5Z
3,From Dough to Display | Little Lantern Bakery Coloring Book,"Follow the cozy journey from dough to display with 50 charming bakery-inspired coloring scenes. A relaxing creative hobby for adults, teens, and baking lovers.",https://raw.githubusercontent.com/chfirayoussef01-eng/little-lantern-bakery-pinterest-posts/main/little_lantern_bakery_pinterest_03.png,https://www.amazon.com/dp/B0HJ2KHF5Z
4,Sweet Creativity Awaits | Little Lantern Bakery Coloring Book,"Discover sweet creativity with warm ovens, fresh pastries, and inviting bakery scenes. Little Lantern Bakery makes it easy to unwind and enjoy a cozy coloring session.",https://raw.githubusercontent.com/chfirayoussef01-eng/little-lantern-bakery-pinterest-posts/main/little_lantern_bakery_pinterest_04.png,https://www.amazon.com/dp/B0HJ2KHF5Z
5,"Cozy Moments, Creative Joy | Little Lantern Bakery Coloring Book","Turn quiet moments into creative joy with Little Lantern Bakery, a cozy coloring book featuring 50 original illustrations and relaxing bakery details.",https://raw.githubusercontent.com/chfirayoussef01-eng/little-lantern-bakery-pinterest-posts/main/little_lantern_bakery_pinterest_05.png,https://www.amazon.com/dp/B0HJ2KHF5Z
6,"Little Bakery, Big Comfort | Little Lantern Bakery Coloring Book","Warm pastries, happy moments, and a cozy coloring escape come together in Little Lantern Bakery. A thoughtful gift for adults and teens who love baking and creativity.",https://raw.githubusercontent.com/chfirayoussef01-eng/little-lantern-bakery-pinterest-posts/main/little_lantern_bakery_pinterest_06.png,https://www.amazon.com/dp/B0HJ2KHF5Z
7,Color Your Happy Place | Little Lantern Bakery Coloring Book,"Step into Little Lantern Bakery, a cozy coloring escape filled with 50 original bakery scenes, warm pastries, and relaxing creative moments. Perfect for adults and teens who love baking, coloring, and cozy hobbies.",https://raw.githubusercontent.com/chfirayoussef01-eng/little-lantern-bakery-pinterest-posts/main/little_lantern_bakery_pinterest_07.png,https://www.amazon.com/dp/B0HJ2KHF5Z
8,A Cozy Coloring Book for Adults and Teens | Little Lantern Bakery Coloring Book,"Bake, color, relax, and repeat with Little Lantern Bakery. Enjoy bold and easy bakery illustrations designed for peaceful coloring time, creative breaks, and thoughtful gifting.",https://raw.githubusercontent.com/chfirayoussef01-eng/little-lantern-bakery-pinterest-posts/main/little_lantern_bakery_pinterest_08.png,https://www.amazon.com/dp/B0HJ2KHF5Z
9,"Good Pastries, Brighter Days | Little Lantern Bakery Coloring Book","Follow the cozy journey from dough to display with 50 charming bakery-inspired coloring scenes. A relaxing creative hobby for adults, teens, and baking lovers.",https://raw.githubusercontent.com/chfirayoussef01-eng/little-lantern-bakery-pinterest-posts/main/little_lantern_bakery_pinterest_09.png,https://www.amazon.com/dp/B0HJ2KHF5Z
10,"Sweet Scenes, Happier Days | Little Lantern Bakery Coloring Book","Discover sweet creativity with warm ovens, fresh pastries, and inviting bakery scenes. Little Lantern Bakery makes it easy to unwind and enjoy a cozy coloring session.",https://raw.githubusercontent.com/chfirayoussef01-eng/little-lantern-bakery-pinterest-posts/main/little_lantern_bakery_pinterest_10.png,https://www.amazon.com/dp/B0HJ2KHF5Z
11,"Cozy Details, Big Joy | Little Lantern Bakery Coloring Book","Turn quiet moments into creative joy with Little Lantern Bakery, a cozy coloring book featuring 50 original illustrations and relaxing bakery details.",https://raw.githubusercontent.com/chfirayoussef01-eng/little-lantern-bakery-pinterest-posts/main/little_lantern_bakery_pinterest_11.png,https://www.amazon.com/dp/B0HJ2KHF5Z
12,Bold and Easy Bakery Designs | Little Lantern Bakery Coloring Book,"Warm pastries, happy moments, and a cozy coloring escape come together in Little Lantern Bakery. A thoughtful gift for adults and teens who love baking and creativity.",https://raw.githubusercontent.com/chfirayoussef01-eng/little-lantern-bakery-pinterest-posts/main/little_lantern_bakery_pinterest_12.png,https://www.amazon.com/dp/B0HJ2KHF5Z
13,Baking Better Days | Little Lantern Bakery Coloring Book,"Step into Little Lantern Bakery, a cozy coloring escape filled with 50 original bakery scenes, warm pastries, and relaxing creative moments. Perfect for adults and teens who love baking, coloring, and cozy hobbies.",https://raw.githubusercontent.com/chfirayoussef01-eng/little-lantern-bakery-pinterest-posts/main/little_lantern_bakery_pinterest_13.png,https://www.amazon.com/dp/B0HJ2KHF5Z
14,"Relax, Unwind, Color, Be Happy | Little Lantern Bakery Coloring Book","Bake, color, relax, and repeat with Little Lantern Bakery. Enjoy bold and easy bakery illustrations designed for peaceful coloring time, creative breaks, and thoughtful gifting.",https://raw.githubusercontent.com/chfirayoussef01-eng/little-lantern-bakery-pinterest-posts/main/little_lantern_bakery_pinterest_14.png,https://www.amazon.com/dp/B0HJ2KHF5Z
15,The Perfect Gift for Baking Lovers | Little Lantern Bakery Coloring Book,"Follow the cozy journey from dough to display with 50 charming bakery-inspired coloring scenes. A relaxing creative hobby for adults, teens, and baking lovers.",https://raw.githubusercontent.com/chfirayoussef01-eng/little-lantern-bakery-pinterest-posts/main/little_lantern_bakery_pinterest_15.png,https://www.amazon.com/dp/B0HJ2KHF5Z
16,A Cozy Bakery Escape | Little Lantern Bakery Coloring Book,"Discover sweet creativity with warm ovens, fresh pastries, and inviting bakery scenes. Little Lantern Bakery makes it easy to unwind and enjoy a cozy coloring session.",https://raw.githubusercontent.com/chfirayoussef01-eng/little-lantern-bakery-pinterest-posts/main/little_lantern_bakery_pinterest_16.png,https://www.amazon.com/dp/B0HJ2KHF5Z
17,"Color, Relax, Enjoy Baked Happiness | Little Lantern Bakery Coloring Book","Turn quiet moments into creative joy with Little Lantern Bakery, a cozy coloring book featuring 50 original illustrations and relaxing bakery details.",https://raw.githubusercontent.com/chfirayoussef01-eng/little-lantern-bakery-pinterest-posts/main/little_lantern_bakery_pinterest_17.png,https://www.amazon.com/dp/B0HJ2KHF5Z
18,Cozy Bakery Scenes | Little Lantern Bakery Coloring Book,"Warm pastries, happy moments, and a cozy coloring escape come together in Little Lantern Bakery. A thoughtful gift for adults and teens who love baking and creativity.",https://raw.githubusercontent.com/chfirayoussef01-eng/little-lantern-bakery-pinterest-posts/main/little_lantern_bakery_pinterest_18.png,https://www.amazon.com/dp/B0HJ2KHF5Z
19,Sweet Creativity Every Day | Little Lantern Bakery Coloring Book,"Step into Little Lantern Bakery, a cozy coloring escape filled with 50 original bakery scenes, warm pastries, and relaxing creative moments. Perfect for adults and teens who love baking, coloring, and cozy hobbies.",https://raw.githubusercontent.com/chfirayoussef01-eng/little-lantern-bakery-pinterest-posts/main/little_lantern_bakery_pinterest_19.png,https://www.amazon.com/dp/B0HJ2KHF5Z
20,A Cozy Bakery Journey from Morning to Evening | Little Lantern Bakery Coloring Book,"Bake, color, relax, and repeat with Little Lantern Bakery. Enjoy bold and easy bakery illustrations designed for peaceful coloring time, creative breaks, and thoughtful gifting.",https://raw.githubusercontent.com/chfirayoussef01-eng/little-lantern-bakery-pinterest-posts/main/little_lantern_bakery_pinterest_20.png,https://www.amazon.com/dp/B0HJ2KHF5Z
21,More Than a Coloring Book | Little Lantern Bakery Coloring Book,"Follow the cozy journey from dough to display with 50 charming bakery-inspired coloring scenes. A relaxing creative hobby for adults, teens, and baking lovers.",https://raw.githubusercontent.com/chfirayoussef01-eng/little-lantern-bakery-pinterest-posts/main/little_lantern_bakery_pinterest_21.png,https://www.amazon.com/dp/B0HJ2KHF5Z
22,Creative Fun for Adults and Teens | Little Lantern Bakery Coloring Book,"Discover sweet creativity with warm ovens, fresh pastries, and inviting bakery scenes. Little Lantern Bakery makes it easy to unwind and enjoy a cozy coloring session.",https://raw.githubusercontent.com/chfirayoussef01-eng/little-lantern-bakery-pinterest-posts/main/little_lantern_bakery_pinterest_22.png,https://www.amazon.com/dp/B0HJ2KHF5Z
23,Joy in Every Page | Little Lantern Bakery Coloring Book,"Turn quiet moments into creative joy with Little Lantern Bakery, a cozy coloring book featuring 50 original illustrations and relaxing bakery details.",https://raw.githubusercontent.com/chfirayoussef01-eng/little-lantern-bakery-pinterest-posts/main/little_lantern_bakery_pinterest_23.png,https://www.amazon.com/dp/B0HJ2KHF5Z
24,Morning to Evening Bakery Comfort | Little Lantern Bakery Coloring Book,"Warm pastries, happy moments, and a cozy coloring escape come together in Little Lantern Bakery. A thoughtful gift for adults and teens who love baking and creativity.",https://raw.githubusercontent.com/chfirayoussef01-eng/little-lantern-bakery-pinterest-posts/main/little_lantern_bakery_pinterest_24.png,https://www.amazon.com/dp/B0HJ2KHF5Z
25,A Brighter Day with Every Page | Little Lantern Bakery Coloring Book,"Step into Little Lantern Bakery, a cozy coloring escape filled with 50 original bakery scenes, warm pastries, and relaxing creative moments. Perfect for adults and teens who love baking, coloring, and cozy hobbies.",https://raw.githubusercontent.com/chfirayoussef01-eng/little-lantern-bakery-pinterest-posts/main/little_lantern_bakery_pinterest_25.png,https://www.amazon.com/dp/B0HJ2KHF5Z
26,Cozy Coloring for a Sweeter You | Little Lantern Bakery Coloring Book,"Bake, color, relax, and repeat with Little Lantern Bakery. Enjoy bold and easy bakery illustrations designed for peaceful coloring time, creative breaks, and thoughtful gifting.",https://raw.githubusercontent.com/chfirayoussef01-eng/little-lantern-bakery-pinterest-posts/main/little_lantern_bakery_pinterest_26.png,https://www.amazon.com/dp/B0HJ2KHF5Z
27,"Create a Kinder, Happier Day | Little Lantern Bakery Coloring Book","Follow the cozy journey from dough to display with 50 charming bakery-inspired coloring scenes. A relaxing creative hobby for adults, teens, and baking lovers.",https://raw.githubusercontent.com/chfirayoussef01-eng/little-lantern-bakery-pinterest-posts/main/little_lantern_bakery_pinterest_27.png,https://www.amazon.com/dp/B0HJ2KHF5Z
28,"Sweet Pastries, Warm Ovens, Cozy Moments | Little Lantern Bakery Coloring Book","Discover sweet creativity with warm ovens, fresh pastries, and inviting bakery scenes. Little Lantern Bakery makes it easy to unwind and enjoy a cozy coloring session.",https://raw.githubusercontent.com/chfirayoussef01-eng/little-lantern-bakery-pinterest-posts/main/little_lantern_bakery_pinterest_28.png,https://www.amazon.com/dp/B0HJ2KHF5Z
29,A Thoughtful Gift for Creative Souls | Little Lantern Bakery Coloring Book,"Turn quiet moments into creative joy with Little Lantern Bakery, a cozy coloring book featuring 50 original illustrations and relaxing bakery details.",https://raw.githubusercontent.com/chfirayoussef01-eng/little-lantern-bakery-pinterest-posts/main/little_lantern_bakery_pinterest_29.png,https://www.amazon.com/dp/B0HJ2KHF5Z
30,Color Your Way to a Happy Day | Little Lantern Bakery Coloring Book,"Warm pastries, happy moments, and a cozy coloring escape come together in Little Lantern Bakery. A thoughtful gift for adults and teens who love baking and creativity.",https://raw.githubusercontent.com/chfirayoussef01-eng/little-lantern-bakery-pinterest-posts/main/little_lantern_bakery_pinterest_30.png,https://www.amazon.com/dp/B0HJ2KHF5Z
